addr	segment	vma	state	pfn	path
60b2446c2000	data	60b2446c2000-60b24476f000	referenced	1afff5	/opt/QQ/qq
60b2446c3000	data	60b2446c2000-60b24476f000	referenced	3ec9df	/opt/QQ/qq
60b2446c4000	data	60b2446c2000-60b24476f000	referenced	206ce6	/opt/QQ/qq
60b2446c5000	data	60b2446c2000-60b24476f000	idle	1afff4	/opt/QQ/qq
60b2446c6000	data	60b2446c2000-60b24476f000	idle	27ebfc	/opt/QQ/qq
60b2446c7000	data	60b2446c2000-60b24476f000	idle	386fd7	/opt/QQ/qq
60b2446c8000	data	60b2446c2000-60b24476f000	referenced	27ebfd	/opt/QQ/qq
60b2446c9000	data	60b2446c2000-60b24476f000	idle	25d745	/opt/QQ/qq
60b2446ca000	data	60b2446c2000-60b24476f000	referenced	213835	/opt/QQ/qq
60b2446cb000	data	60b2446c2000-60b24476f000	referenced	2d6aa9	/opt/QQ/qq
60b2446cc000	data	60b2446c2000-60b24476f000	referenced	22f870	/opt/QQ/qq
60b2446cd000	data	60b2446c2000-60b24476f000	referenced	2c0613	/opt/QQ/qq
60b2446ce000	data	60b2446c2000-60b24476f000	referenced	2d198a	/opt/QQ/qq
60b2446cf000	data	60b2446c2000-60b24476f000	referenced	1d1207	/opt/QQ/qq
60b2446d0000	data	60b2446c2000-60b24476f000	referenced	38f396	/opt/QQ/qq
60b2446d1000	data	60b2446c2000-60b24476f000	referenced	22162d	/opt/QQ/qq
60b2446d2000	data	60b2446c2000-60b24476f000	referenced	3bf9db	/opt/QQ/qq
60b2446d3000	data	60b2446c2000-60b24476f000	referenced	2a330a	/opt/QQ/qq
60b2446d4000	data	60b2446c2000-60b24476f000	idle	3978e7	/opt/QQ/qq
60b2446d5000	data	60b2446c2000-60b24476f000	idle	25ce50	/opt/QQ/qq
60b2446d6000	data	60b2446c2000-60b24476f000	idle	3dfc1b	/opt/QQ/qq
60b2446d7000	data	60b2446c2000-60b24476f000	idle	18ac9a	/opt/QQ/qq
60b2446d8000	data	60b2446c2000-60b24476f000	idle	165659	/opt/QQ/qq
60b2446d9000	data	60b2446c2000-60b24476f000	referenced	38da8d	/opt/QQ/qq
60b2446da000	data	60b2446c2000-60b24476f000	idle	17e366	/opt/QQ/qq
60b2446db000	data	60b2446c2000-60b24476f000	referenced	2c0612	/opt/QQ/qq
60b2446dc000	data	60b2446c2000-60b24476f000	idle	3255b7	/opt/QQ/qq
60b2446dd000	data	60b2446c2000-60b24476f000	idle	213649	/opt/QQ/qq
60b2446de000	data	60b2446c2000-60b24476f000	idle	3255b6	/opt/QQ/qq
60b2446df000	data	60b2446c2000-60b24476f000	idle	2ccf62	/opt/QQ/qq
60b2446e0000	data	60b2446c2000-60b24476f000	idle	2ccf63	/opt/QQ/qq
60b2446e1000	data	60b2446c2000-60b24476f000	idle	32e592	/opt/QQ/qq
60b2446e2000	data	60b2446c2000-60b24476f000	idle	299ac8	/opt/QQ/qq
60b2446e3000	data	60b2446c2000-60b24476f000	idle	32e593	/opt/QQ/qq
60b2446e4000	data	60b2446c2000-60b24476f000	idle	299ac9	/opt/QQ/qq
60b2446e5000	data	60b2446c2000-60b24476f000	idle	236b08	/opt/QQ/qq
60b2446e6000	data	60b2446c2000-60b24476f000	idle	224036	/opt/QQ/qq
60b2446e7000	data	60b2446c2000-60b24476f000	referenced	18a087	/opt/QQ/qq
60b2446e8000	data	60b2446c2000-60b24476f000	idle	224037	/opt/QQ/qq
60b2446e9000	data	60b2446c2000-60b24476f000	idle	23d888	/opt/QQ/qq
60b2446ea000	data	60b2446c2000-60b24476f000	referenced	23d85c	/opt/QQ/qq
60b2446eb000	data	60b2446c2000-60b24476f000	idle	23d889	/opt/QQ/qq
60b2446ec000	data	60b2446c2000-60b24476f000	referenced	22f871	/opt/QQ/qq
60b2446ed000	data	60b2446c2000-60b24476f000	referenced	299357	/opt/QQ/qq
60b2446ee000	data	60b2446c2000-60b24476f000	idle	3fdc21	/opt/QQ/qq
60b2446ef000	data	60b2446c2000-60b24476f000	idle	3fdc20	/opt/QQ/qq
60b2446f0000	data	60b2446c2000-60b24476f000	idle	3fa338	/opt/QQ/qq
60b2446f1000	data	60b2446c2000-60b24476f000	idle	16a866	/opt/QQ/qq
60b2446f2000	data	60b2446c2000-60b24476f000	idle	16a867	/opt/QQ/qq
60b2446f3000	data	60b2446c2000-60b24476f000	idle	396043	/opt/QQ/qq
60b2446f4000	data	60b2446c2000-60b24476f000	referenced	22f874	/opt/QQ/qq
60b2446f5000	data	60b2446c2000-60b24476f000	referenced	3fdc26	/opt/QQ/qq
60b2446f6000	data	60b2446c2000-60b24476f000	referenced	19d45d	/opt/QQ/qq
60b2446f7000	data	60b2446c2000-60b24476f000	referenced	236d3c	/opt/QQ/qq
60b2446f8000	data	60b2446c2000-60b24476f000	idle	413836	/opt/QQ/qq
60b2446f9000	data	60b2446c2000-60b24476f000	referenced	2c52cf	/opt/QQ/qq
60b2446fa000	data	60b2446c2000-60b24476f000	referenced	2c52d0	/opt/QQ/qq
60b2446fb000	data	60b2446c2000-60b24476f000	referenced	2c52d1	/opt/QQ/qq
60b2446fc000	data	60b2446c2000-60b24476f000	referenced	1d1ed	/opt/QQ/qq
60b2446fd000	data	60b2446c2000-60b24476f000	referenced	2c52d3	/opt/QQ/qq
60b2446fe000	data	60b2446c2000-60b24476f000	referenced	2c52d4	/opt/QQ/qq
60b2446ff000	data	60b2446c2000-60b24476f000	referenced	2c52d5	/opt/QQ/qq
60b244700000	data	60b2446c2000-60b24476f000	idle	27e7ce	/opt/QQ/qq
60b244701000	data	60b2446c2000-60b24476f000	referenced	2c52d7	/opt/QQ/qq
60b244702000	data	60b2446c2000-60b24476f000	idle	2c52d8	/opt/QQ/qq
60b244703000	data	60b2446c2000-60b24476f000	referenced	2c52d9	/opt/QQ/qq
60b244704000	data	60b2446c2000-60b24476f000	referenced	2c52da	/opt/QQ/qq
60b244705000	data	60b2446c2000-60b24476f000	referenced	2c52db	/opt/QQ/qq
60b244706000	data	60b2446c2000-60b24476f000	referenced	2c52dc	/opt/QQ/qq
60b244707000	data	60b2446c2000-60b24476f000	referenced	2c52dd	/opt/QQ/qq
60b244708000	data	60b2446c2000-60b24476f000	referenced	3d744b	/opt/QQ/qq
60b244709000	data	60b2446c2000-60b24476f000	referenced	1d530b	/opt/QQ/qq
60b24470a000	data	60b2446c2000-60b24476f000	idle	39795a	/opt/QQ/qq
60b24470b000	data	60b2446c2000-60b24476f000	referenced	38c15a	/opt/QQ/qq
60b24470c000	data	60b2446c2000-60b24476f000	idle	3ec515	/opt/QQ/qq
60b24470d000	data	60b2446c2000-60b24476f000	not_present	0	/opt/QQ/qq
60b24470e000	data	60b2446c2000-60b24476f000	referenced	403968	/opt/QQ/qq
60b24470f000	data	60b2446c2000-60b24476f000	idle	3ec6ac	/opt/QQ/qq
60b244710000	data	60b2446c2000-60b24476f000	referenced	202abf	/opt/QQ/qq
60b244711000	data	60b2446c2000-60b24476f000	referenced	374baf	/opt/QQ/qq
60b244712000	data	60b2446c2000-60b24476f000	idle	3b4fcd	/opt/QQ/qq
60b244713000	data	60b2446c2000-60b24476f000	idle	1e4968	/opt/QQ/qq
60b244714000	data	60b2446c2000-60b24476f000	idle	17763b	/opt/QQ/qq
60b244715000	data	60b2446c2000-60b24476f000	idle	38d6e4	/opt/QQ/qq
60b244716000	data	60b2446c2000-60b24476f000	idle	3d43fd	/opt/QQ/qq
60b244717000	data	60b2446c2000-60b24476f000	idle	3e0355	/opt/QQ/qq
60b244718000	data	60b2446c2000-60b24476f000	idle	27635a	/opt/QQ/qq
60b244719000	data	60b2446c2000-60b24476f000	idle	37a8ed	/opt/QQ/qq
60b24471a000	data	60b2446c2000-60b24476f000	idle	396042	/opt/QQ/qq
60b24471b000	data	60b2446c2000-60b24476f000	idle	2098fd	/opt/QQ/qq
60b24471c000	data	60b2446c2000-60b24476f000	idle	26e98d	/opt/QQ/qq
60b24471d000	data	60b2446c2000-60b24476f000	idle	1f32c5	/opt/QQ/qq
60b24471e000	data	60b2446c2000-60b24476f000	idle	2288f9	/opt/QQ/qq
60b24471f000	data	60b2446c2000-60b24476f000	idle	39795d	/opt/QQ/qq
60b244720000	data	60b2446c2000-60b24476f000	referenced	213831	/opt/QQ/qq
60b244721000	data	60b2446c2000-60b24476f000	referenced	39795c	/opt/QQ/qq
60b244722000	data	60b2446c2000-60b24476f000	idle	22b2db	/opt/QQ/qq
60b244723000	data	60b2446c2000-60b24476f000	idle	263722	/opt/QQ/qq
60b244724000	data	60b2446c2000-60b24476f000	referenced	25b3c1	/opt/QQ/qq
60b244725000	data	60b2446c2000-60b24476f000	idle	3c30bd	/opt/QQ/qq
60b244726000	data	60b2446c2000-60b24476f000	idle	22b327	/opt/QQ/qq
60b244727000	data	60b2446c2000-60b24476f000	idle	1d60e1	/opt/QQ/qq
60b244728000	data	60b2446c2000-60b24476f000	idle	22b32b	/opt/QQ/qq
60b244729000	data	60b2446c2000-60b24476f000	idle	1d9bf6	/opt/QQ/qq
60b24472a000	data	60b2446c2000-60b24476f000	idle	1d5f74	/opt/QQ/qq
60b24472b000	data	60b2446c2000-60b24476f000	idle	1d345c	/opt/QQ/qq
60b24472c000	data	60b2446c2000-60b24476f000	idle	227746	/opt/QQ/qq
60b24472d000	data	60b2446c2000-60b24476f000	idle	1d5db7	/opt/QQ/qq
60b24472e000	data	60b2446c2000-60b24476f000	idle	2275f4	/opt/QQ/qq
60b24472f000	data	60b2446c2000-60b24476f000	idle	1d346f	/opt/QQ/qq
60b244730000	data	60b2446c2000-60b24476f000	idle	374a37	/opt/QQ/qq
60b244731000	data	60b2446c2000-60b24476f000	idle	280e5e	/opt/QQ/qq
60b244732000	data	60b2446c2000-60b24476f000	idle	1d345d	/opt/QQ/qq
60b244733000	data	60b2446c2000-60b24476f000	idle	227749	/opt/QQ/qq
60b244734000	data	60b2446c2000-60b24476f000	idle	1d9c0f	/opt/QQ/qq
60b244735000	data	60b2446c2000-60b24476f000	idle	1b6658	/opt/QQ/qq
60b244736000	data	60b2446c2000-60b24476f000	idle	2769b2	/opt/QQ/qq
60b244737000	data	60b2446c2000-60b24476f000	idle	229fdb	/opt/QQ/qq
60b244738000	data	60b2446c2000-60b24476f000	idle	20e0fa	/opt/QQ/qq
60b244739000	data	60b2446c2000-60b24476f000	idle	2098bd	/opt/QQ/qq
60b24473a000	data	60b2446c2000-60b24476f000	idle	21d76b	/opt/QQ/qq
60b24473b000	data	60b2446c2000-60b24476f000	idle	213f5b	/opt/QQ/qq
60b24473c000	data	60b2446c2000-60b24476f000	idle	1ce9c4	/opt/QQ/qq
60b24473d000	data	60b2446c2000-60b24476f000	idle	2822ca	/opt/QQ/qq
60b24473e000	data	60b2446c2000-60b24476f000	idle	234c70	/opt/QQ/qq
60b24473f000	data	60b2446c2000-60b24476f000	idle	1f1ff2	/opt/QQ/qq
60b244740000	data	60b2446c2000-60b24476f000	idle	37c48f	/opt/QQ/qq
60b244741000	data	60b2446c2000-60b24476f000	idle	2a8516	/opt/QQ/qq
60b244742000	data	60b2446c2000-60b24476f000	idle	27c2ca	/opt/QQ/qq
60b244743000	data	60b2446c2000-60b24476f000	idle	416425	/opt/QQ/qq
60b244744000	data	60b2446c2000-60b24476f000	idle	1d8370	/opt/QQ/qq
60b244745000	data	60b2446c2000-60b24476f000	idle	3c47fa	/opt/QQ/qq
60b244746000	data	60b2446c2000-60b24476f000	idle	228bb2	/opt/QQ/qq
60b244747000	data	60b2446c2000-60b24476f000	idle	1d35ab	/opt/QQ/qq
60b244748000	data	60b2446c2000-60b24476f000	idle	2430ce	/opt/QQ/qq
60b244749000	data	60b2446c2000-60b24476f000	idle	1d6f65	/opt/QQ/qq
60b24474a000	data	60b2446c2000-60b24476f000	idle	2090a9	/opt/QQ/qq
60b24474b000	data	60b2446c2000-60b24476f000	idle	1e6e5c	/opt/QQ/qq
60b24474c000	data	60b2446c2000-60b24476f000	idle	1f1385	/opt/QQ/qq
60b24474d000	data	60b2446c2000-60b24476f000	idle	2021c8	/opt/QQ/qq
60b24474e000	data	60b2446c2000-60b24476f000	idle	213da4	/opt/QQ/qq
60b24474f000	data	60b2446c2000-60b24476f000	idle	2953c7	/opt/QQ/qq
60b244750000	data	60b2446c2000-60b24476f000	not_present	0	/opt/QQ/qq
60b244751000	data	60b2446c2000-60b24476f000	idle	25d747	/opt/QQ/qq
60b244752000	data	60b2446c2000-60b24476f000	idle	3b4d6f	/opt/QQ/qq
60b244753000	data	60b2446c2000-60b24476f000	idle	28aabf	/opt/QQ/qq
60b244754000	data	60b2446c2000-60b24476f000	idle	16d8a5	/opt/QQ/qq
60b244755000	data	60b2446c2000-60b24476f000	idle	1646e7	/opt/QQ/qq
60b244756000	data	60b2446c2000-60b24476f000	idle	25f42f	/opt/QQ/qq
60b244757000	data	60b2446c2000-60b24476f000	idle	3f81bb	/opt/QQ/qq
60b244758000	data	60b2446c2000-60b24476f000	idle	38edb1	/opt/QQ/qq
60b244759000	data	60b2446c2000-60b24476f000	idle	38aae9	/opt/QQ/qq
60b24475a000	data	60b2446c2000-60b24476f000	idle	17ca04	/opt/QQ/qq
60b24475b000	data	60b2446c2000-60b24476f000	idle	20dfc5	/opt/QQ/qq
60b24475c000	data	60b2446c2000-60b24476f000	idle	19730f	/opt/QQ/qq
60b24475d000	data	60b2446c2000-60b24476f000	referenced	19c15c	/opt/QQ/qq
60b24475e000	data	60b2446c2000-60b24476f000	idle	210c7c	/opt/QQ/qq
60b24475f000	data	60b2446c2000-60b24476f000	idle	3ac14d	/opt/QQ/qq
60b244760000	data	60b2446c2000-60b24476f000	idle	2cc5d0	/opt/QQ/qq
60b244761000	data	60b2446c2000-60b24476f000	idle	16992f	/opt/QQ/qq
60b244762000	data	60b2446c2000-60b24476f000	idle	20ce0f	/opt/QQ/qq
60b244763000	data	60b2446c2000-60b24476f000	idle	41d29f	/opt/QQ/qq
60b244764000	data	60b2446c2000-60b24476f000	idle	3daa7c	/opt/QQ/qq
60b244765000	data	60b2446c2000-60b24476f000	referenced	2060d9	/opt/QQ/qq
60b244766000	data	60b2446c2000-60b24476f000	idle	3deea2	/opt/QQ/qq
60b244767000	data	60b2446c2000-60b24476f000	not_present	0	/opt/QQ/qq
60b244768000	data	60b2446c2000-60b24476f000	not_present	0	/opt/QQ/qq
60b244769000	data	60b2446c2000-60b24476f000	idle	392311	/opt/QQ/qq
60b24476a000	data	60b2446c2000-60b24476f000	idle	38dd17	/opt/QQ/qq
60b24476b000	data	60b2446c2000-60b24476f000	idle	2cb1d6	/opt/QQ/qq
60b24476c000	data	60b2446c2000-60b24476f000	not_present	0	/opt/QQ/qq
60b24476d000	data	60b2446c2000-60b24476f000	not_present	0	/opt/QQ/qq
60b24476e000	data	60b2446c2000-60b24476f000	idle	17c156	/opt/QQ/qq
60b27969d000	data	60b27969d000-60b279782000	referenced	2a69e5	/opt/QQ/qq
60b27969e000	data	60b27969d000-60b279782000	referenced	2a69e6	/opt/QQ/qq
60b27969f000	data	60b27969d000-60b279782000	referenced	2a69e7	/opt/QQ/qq
60b2796a0000	data	60b27969d000-60b279782000	referenced	2a69e8	/opt/QQ/qq
60b2796a1000	data	60b27969d000-60b279782000	referenced	2a69e9	/opt/QQ/qq
60b2796a2000	data	60b27969d000-60b279782000	referenced	2a69ea	/opt/QQ/qq
60b2796a3000	data	60b27969d000-60b279782000	referenced	2a69eb	/opt/QQ/qq
60b2796a4000	data	60b27969d000-60b279782000	referenced	2a69ec	/opt/QQ/qq
60b2796a5000	data	60b27969d000-60b279782000	referenced	2a69ed	/opt/QQ/qq
60b2796a6000	data	60b27969d000-60b279782000	referenced	2a69ee	/opt/QQ/qq
60b2796a7000	data	60b27969d000-60b279782000	referenced	2a69ef	/opt/QQ/qq
60b2796a8000	data	60b27969d000-60b279782000	referenced	2a69f0	/opt/QQ/qq
60b2796a9000	data	60b27969d000-60b279782000	referenced	2a69f1	/opt/QQ/qq
60b2796aa000	data	60b27969d000-60b279782000	referenced	2a69f2	/opt/QQ/qq
60b2796ab000	data	60b27969d000-60b279782000	referenced	2a69f3	/opt/QQ/qq
60b2796ac000	data	60b27969d000-60b279782000	referenced	2a69f4	/opt/QQ/qq
60b2796ad000	data	60b27969d000-60b279782000	referenced	2a69f5	/opt/QQ/qq
60b2796ae000	data	60b27969d000-60b279782000	referenced	2a69f6	/opt/QQ/qq
60b2796af000	data	60b27969d000-60b279782000	referenced	2a69f7	/opt/QQ/qq
60b2796b0000	data	60b27969d000-60b279782000	referenced	2a69f8	/opt/QQ/qq
60b2796b1000	data	60b27969d000-60b279782000	referenced	2a69f9	/opt/QQ/qq
60b2796b2000	data	60b27969d000-60b279782000	referenced	2a69fa	/opt/QQ/qq
60b2796b3000	data	60b27969d000-60b279782000	referenced	2a69fb	/opt/QQ/qq
60b2796b4000	data	60b27969d000-60b279782000	referenced	2a69fc	/opt/QQ/qq
60b2796b5000	data	60b27969d000-60b279782000	referenced	2a69fd	/opt/QQ/qq
60b2796b6000	data	60b27969d000-60b279782000	referenced	2a69fe	/opt/QQ/qq
60b2796b7000	data	60b27969d000-60b279782000	referenced	2a69ff	/opt/QQ/qq
60b2796b8000	data	60b27969d000-60b279782000	referenced	2fa7e0	/opt/QQ/qq
60b2796b9000	data	60b27969d000-60b279782000	referenced	2fa7e1	/opt/QQ/qq
60b2796ba000	data	60b27969d000-60b279782000	referenced	2fa7e2	/opt/QQ/qq
60b2796bb000	data	60b27969d000-60b279782000	referenced	2fa7e3	/opt/QQ/qq
60b2796bc000	data	60b27969d000-60b279782000	referenced	2fa7e4	/opt/QQ/qq
60b2796bd000	data	60b27969d000-60b279782000	referenced	2fa7e5	/opt/QQ/qq
60b2796be000	data	60b27969d000-60b279782000	referenced	2fa7e6	/opt/QQ/qq
60b2796bf000	data	60b27969d000-60b279782000	referenced	2fa7e7	/opt/QQ/qq
60b2796c0000	data	60b27969d000-60b279782000	referenced	2fa7e8	/opt/QQ/qq
60b2796c1000	data	60b27969d000-60b279782000	referenced	2fa7e9	/opt/QQ/qq
60b2796c2000	data	60b27969d000-60b279782000	referenced	2fa7ea	/opt/QQ/qq
60b2796c3000	data	60b27969d000-60b279782000	referenced	2fa7eb	/opt/QQ/qq
60b2796c4000	data	60b27969d000-60b279782000	referenced	2fa7ec	/opt/QQ/qq
60b2796c5000	data	60b27969d000-60b279782000	referenced	2fa7ed	/opt/QQ/qq
60b2796c6000	data	60b27969d000-60b279782000	referenced	2fa7ee	/opt/QQ/qq
60b2796c7000	data	60b27969d000-60b279782000	referenced	2fa7ef	/opt/QQ/qq
60b2796c8000	data	60b27969d000-60b279782000	referenced	2fa7f0	/opt/QQ/qq
60b2796c9000	data	60b27969d000-60b279782000	referenced	2fa7f1	/opt/QQ/qq
60b2796ca000	data	60b27969d000-60b279782000	referenced	2fa7f2	/opt/QQ/qq
60b2796cb000	data	60b27969d000-60b279782000	referenced	2fa7f3	/opt/QQ/qq
60b2796cc000	data	60b27969d000-60b279782000	referenced	2fa7f4	/opt/QQ/qq
60b2796cd000	data	60b27969d000-60b279782000	referenced	2fa7f5	/opt/QQ/qq
60b2796ce000	data	60b27969d000-60b279782000	referenced	2fa7f6	/opt/QQ/qq
60b2796cf000	data	60b27969d000-60b279782000	referenced	2fa7f7	/opt/QQ/qq
60b2796d0000	data	60b27969d000-60b279782000	referenced	2fa7f8	/opt/QQ/qq
60b2796d1000	data	60b27969d000-60b279782000	referenced	2fa7f9	/opt/QQ/qq
60b2796d2000	data	60b27969d000-60b279782000	referenced	2fa7fa	/opt/QQ/qq
60b2796d3000	data	60b27969d000-60b279782000	referenced	2fa7fb	/opt/QQ/qq
60b2796d4000	data	60b27969d000-60b279782000	referenced	2fa7fc	/opt/QQ/qq
60b2796d5000	data	60b27969d000-60b279782000	referenced	2fa7fd	/opt/QQ/qq
60b2796d6000	data	60b27969d000-60b279782000	referenced	2fa7fe	/opt/QQ/qq
60b2796d7000	data	60b27969d000-60b279782000	referenced	2fa7ff	/opt/QQ/qq
60b2796d8000	data	60b27969d000-60b279782000	referenced	248d20	/opt/QQ/qq
60b2796d9000	data	60b27969d000-60b279782000	referenced	248d21	/opt/QQ/qq
60b2796da000	data	60b27969d000-60b279782000	referenced	248d22	/opt/QQ/qq
60b2796db000	data	60b27969d000-60b279782000	referenced	248d23	/opt/QQ/qq
60b2796dc000	data	60b27969d000-60b279782000	referenced	248d24	/opt/QQ/qq
60b2796dd000	data	60b27969d000-60b279782000	referenced	248d25	/opt/QQ/qq
60b2796de000	data	60b27969d000-60b279782000	referenced	248d26	/opt/QQ/qq
60b2796df000	data	60b27969d000-60b279782000	referenced	248d27	/opt/QQ/qq
60b2796e0000	data	60b27969d000-60b279782000	referenced	248d28	/opt/QQ/qq
60b2796e1000	data	60b27969d000-60b279782000	referenced	248d29	/opt/QQ/qq
60b2796e2000	data	60b27969d000-60b279782000	referenced	248d2a	/opt/QQ/qq
60b2796e3000	data	60b27969d000-60b279782000	referenced	248d2b	/opt/QQ/qq
60b2796e4000	data	60b27969d000-60b279782000	referenced	248d2c	/opt/QQ/qq
60b2796e5000	data	60b27969d000-60b279782000	referenced	248d2d	/opt/QQ/qq
60b2796e6000	data	60b27969d000-60b279782000	referenced	248d2e	/opt/QQ/qq
60b2796e7000	data	60b27969d000-60b279782000	referenced	248d2f	/opt/QQ/qq
60b2796e8000	data	60b27969d000-60b279782000	referenced	248d30	/opt/QQ/qq
60b2796e9000	data	60b27969d000-60b279782000	referenced	248d31	/opt/QQ/qq
60b2796ea000	data	60b27969d000-60b279782000	referenced	248d32	/opt/QQ/qq
60b2796eb000	data	60b27969d000-60b279782000	referenced	248d33	/opt/QQ/qq
60b2796ec000	data	60b27969d000-60b279782000	referenced	248d34	/opt/QQ/qq
60b2796ed000	data	60b27969d000-60b279782000	referenced	248d35	/opt/QQ/qq
60b2796ee000	data	60b27969d000-60b279782000	referenced	248d36	/opt/QQ/qq
60b2796ef000	data	60b27969d000-60b279782000	referenced	248d37	/opt/QQ/qq
60b2796f0000	data	60b27969d000-60b279782000	referenced	248d38	/opt/QQ/qq
60b2796f1000	data	60b27969d000-60b279782000	referenced	248d39	/opt/QQ/qq
60b2796f2000	data	60b27969d000-60b279782000	referenced	248d3a	/opt/QQ/qq
60b2796f3000	data	60b27969d000-60b279782000	referenced	248d3b	/opt/QQ/qq
60b2796f4000	data	60b27969d000-60b279782000	referenced	248d3c	/opt/QQ/qq
60b2796f5000	data	60b27969d000-60b279782000	referenced	248d3d	/opt/QQ/qq
60b2796f6000	data	60b27969d000-60b279782000	referenced	248d3e	/opt/QQ/qq
60b2796f7000	data	60b27969d000-60b279782000	referenced	248d3f	/opt/QQ/qq
60b2796f8000	data	60b27969d000-60b279782000	referenced	376980	/opt/QQ/qq
60b2796f9000	data	60b27969d000-60b279782000	referenced	376981	/opt/QQ/qq
60b2796fa000	data	60b27969d000-60b279782000	referenced	376982	/opt/QQ/qq
60b2796fb000	data	60b27969d000-60b279782000	referenced	376983	/opt/QQ/qq
60b2796fc000	data	60b27969d000-60b279782000	referenced	376984	/opt/QQ/qq
60b2796fd000	data	60b27969d000-60b279782000	referenced	376985	/opt/QQ/qq
60b2796fe000	data	60b27969d000-60b279782000	referenced	376986	/opt/QQ/qq
60b2796ff000	data	60b27969d000-60b279782000	referenced	376987	/opt/QQ/qq
60b279700000	data	60b27969d000-60b279782000	referenced	376988	/opt/QQ/qq
60b279701000	data	60b27969d000-60b279782000	referenced	376989	/opt/QQ/qq
60b279702000	data	60b27969d000-60b279782000	referenced	37698a	/opt/QQ/qq
60b279703000	data	60b27969d000-60b279782000	referenced	37698b	/opt/QQ/qq
60b279704000	data	60b27969d000-60b279782000	referenced	37698c	/opt/QQ/qq
60b279705000	data	60b27969d000-60b279782000	referenced	37698d	/opt/QQ/qq
60b279706000	data	60b27969d000-60b279782000	referenced	37698e	/opt/QQ/qq
60b279707000	data	60b27969d000-60b279782000	referenced	37698f	/opt/QQ/qq
60b279708000	data	60b27969d000-60b279782000	referenced	376990	/opt/QQ/qq
60b279709000	data	60b27969d000-60b279782000	referenced	376991	/opt/QQ/qq
60b27970a000	data	60b27969d000-60b279782000	referenced	376992	/opt/QQ/qq
60b27970b000	data	60b27969d000-60b279782000	referenced	376993	/opt/QQ/qq
60b27970c000	data	60b27969d000-60b279782000	referenced	376994	/opt/QQ/qq
60b27970d000	data	60b27969d000-60b279782000	referenced	376995	/opt/QQ/qq
60b27970e000	data	60b27969d000-60b279782000	referenced	376996	/opt/QQ/qq
60b27970f000	data	60b27969d000-60b279782000	referenced	376997	/opt/QQ/qq
60b279710000	data	60b27969d000-60b279782000	referenced	376998	/opt/QQ/qq
60b279711000	data	60b27969d000-60b279782000	referenced	376999	/opt/QQ/qq
60b279712000	data	60b27969d000-60b279782000	referenced	37699a	/opt/QQ/qq
60b279713000	data	60b27969d000-60b279782000	referenced	37699b	/opt/QQ/qq
60b279714000	data	60b27969d000-60b279782000	referenced	37699c	/opt/QQ/qq
60b279715000	data	60b27969d000-60b279782000	referenced	37699d	/opt/QQ/qq
60b279716000	data	60b27969d000-60b279782000	referenced	37699e	/opt/QQ/qq
60b279717000	data	60b27969d000-60b279782000	referenced	37699f	/opt/QQ/qq
60b279718000	data	60b27969d000-60b279782000	referenced	26f0e0	/opt/QQ/qq
60b279719000	data	60b27969d000-60b279782000	referenced	26f0e1	/opt/QQ/qq
60b27971a000	data	60b27969d000-60b279782000	referenced	26f0e2	/opt/QQ/qq
60b27971b000	data	60b27969d000-60b279782000	referenced	26f0e3	/opt/QQ/qq
60b27971c000	data	60b27969d000-60b279782000	referenced	26f0e4	/opt/QQ/qq
60b27971d000	data	60b27969d000-60b279782000	referenced	26f0e5	/opt/QQ/qq
60b27971e000	data	60b27969d000-60b279782000	referenced	26f0e6	/opt/QQ/qq
60b27971f000	data	60b27969d000-60b279782000	referenced	26f0e7	/opt/QQ/qq
60b279720000	data	60b27969d000-60b279782000	referenced	26f0e8	/opt/QQ/qq
60b279721000	data	60b27969d000-60b279782000	referenced	26f0e9	/opt/QQ/qq
60b279722000	data	60b27969d000-60b279782000	referenced	26f0ea	/opt/QQ/qq
60b279723000	data	60b27969d000-60b279782000	referenced	26f0eb	/opt/QQ/qq
60b279724000	data	60b27969d000-60b279782000	referenced	26f0ec	/opt/QQ/qq
60b279725000	data	60b27969d000-60b279782000	referenced	26f0ed	/opt/QQ/qq
60b279726000	data	60b27969d000-60b279782000	referenced	26f0ee	/opt/QQ/qq
60b279727000	data	60b27969d000-60b279782000	referenced	26f0ef	/opt/QQ/qq
60b279728000	data	60b27969d000-60b279782000	referenced	26f0f0	/opt/QQ/qq
60b279729000	data	60b27969d000-60b279782000	referenced	26f0f1	/opt/QQ/qq
60b27972a000	data	60b27969d000-60b279782000	referenced	26f0f2	/opt/QQ/qq
60b27972b000	data	60b27969d000-60b279782000	referenced	26f0f3	/opt/QQ/qq
60b27972c000	data	60b27969d000-60b279782000	referenced	26f0f4	/opt/QQ/qq
60b27972d000	data	60b27969d000-60b279782000	referenced	26f0f5	/opt/QQ/qq
60b27972e000	data	60b27969d000-60b279782000	referenced	26f0f6	/opt/QQ/qq
60b27972f000	data	60b27969d000-60b279782000	referenced	26f0f7	/opt/QQ/qq
60b279730000	data	60b27969d000-60b279782000	not_present	0	/opt/QQ/qq
60b279731000	data	60b27969d000-60b279782000	not_present	0	/opt/QQ/qq
60b279732000	data	60b27969d000-60b279782000	not_present	0	/opt/QQ/qq
60b279733000	data	60b27969d000-60b279782000	not_present	0	/opt/QQ/qq
60b279734000	data	60b27969d000-60b279782000	not_present	0	/opt/QQ/qq
60b279735000	data	60b27969d000-60b279782000	not_present	0	/opt/QQ/qq
60b279736000	data	60b27969d000-60b279782000	not_present	0	/opt/QQ/qq
60b279737000	data	60b27969d000-60b279782000	not_present	0	/opt/QQ/qq
60b279738000	data	60b27969d000-60b279782000	not_present	0	/opt/QQ/qq
60b279739000	data	60b27969d000-60b279782000	not_present	0	/opt/QQ/qq
60b27973a000	data	60b27969d000-60b279782000	not_present	0	/opt/QQ/qq
60b27973b000	data	60b27969d000-60b279782000	not_present	0	/opt/QQ/qq
60b27973c000	data	60b27969d000-60b279782000	not_present	0	/opt/QQ/qq
60b27973d000	data	60b27969d000-60b279782000	not_present	0	/opt/QQ/qq
60b27973e000	data	60b27969d000-60b279782000	not_present	0	/opt/QQ/qq
60b27973f000	data	60b27969d000-60b279782000	not_present	0	/opt/QQ/qq
60b279740000	data	60b27969d000-60b279782000	referenced	235708	/opt/QQ/qq
60b279741000	data	60b27969d000-60b279782000	referenced	235709	/opt/QQ/qq
60b279742000	data	60b27969d000-60b279782000	referenced	23570a	/opt/QQ/qq
60b279743000	data	60b27969d000-60b279782000	referenced	23570b	/opt/QQ/qq
60b279744000	data	60b27969d000-60b279782000	referenced	23570c	/opt/QQ/qq
60b279745000	data	60b27969d000-60b279782000	referenced	23570d	/opt/QQ/qq
60b279746000	data	60b27969d000-60b279782000	referenced	23570e	/opt/QQ/qq
60b279747000	data	60b27969d000-60b279782000	referenced	23570f	/opt/QQ/qq
60b279748000	data	60b27969d000-60b279782000	referenced	235710	/opt/QQ/qq
60b279749000	data	60b27969d000-60b279782000	referenced	235711	/opt/QQ/qq
60b27974a000	data	60b27969d000-60b279782000	referenced	235712	/opt/QQ/qq
60b27974b000	data	60b27969d000-60b279782000	referenced	235713	/opt/QQ/qq
60b27974c000	data	60b27969d000-60b279782000	referenced	235714	/opt/QQ/qq
60b27974d000	data	60b27969d000-60b279782000	referenced	235715	/opt/QQ/qq
60b27974e000	data	60b27969d000-60b279782000	referenced	235716	/opt/QQ/qq
60b27974f000	data	60b27969d000-60b279782000	referenced	235717	/opt/QQ/qq
60b279750000	data	60b27969d000-60b279782000	not_present	0	/opt/QQ/qq
60b279751000	data	60b27969d000-60b279782000	not_present	0	/opt/QQ/qq
60b279752000	data	60b27969d000-60b279782000	not_present	0	/opt/QQ/qq
60b279753000	data	60b27969d000-60b279782000	not_present	0	/opt/QQ/qq
60b279754000	data	60b27969d000-60b279782000	not_present	0	/opt/QQ/qq
60b279755000	data	60b27969d000-60b279782000	not_present	0	/opt/QQ/qq
60b279756000	data	60b27969d000-60b279782000	not_present	0	/opt/QQ/qq
60b279757000	data	60b27969d000-60b279782000	not_present	0	/opt/QQ/qq
60b279758000	data	60b27969d000-60b279782000	not_present	0	/opt/QQ/qq
60b279759000	data	60b27969d000-60b279782000	not_present	0	/opt/QQ/qq
60b27975a000	data	60b27969d000-60b279782000	not_present	0	/opt/QQ/qq
60b27975b000	data	60b27969d000-60b279782000	not_present	0	/opt/QQ/qq
60b27975c000	data	60b27969d000-60b279782000	not_present	0	/opt/QQ/qq
60b27975d000	data	60b27969d000-60b279782000	not_present	0	/opt/QQ/qq
60b27975e000	data	60b27969d000-60b279782000	not_present	0	/opt/QQ/qq
60b27975f000	data	60b27969d000-60b279782000	not_present	0	/opt/QQ/qq
60b279760000	data	60b27969d000-60b279782000	referenced	233b48	/opt/QQ/qq
60b279761000	data	60b27969d000-60b279782000	referenced	233b49	/opt/QQ/qq
60b279762000	data	60b27969d000-60b279782000	referenced	233b4a	/opt/QQ/qq
60b279763000	data	60b27969d000-60b279782000	referenced	233b4b	/opt/QQ/qq
60b279764000	data	60b27969d000-60b279782000	referenced	233b4c	/opt/QQ/qq
60b279765000	data	60b27969d000-60b279782000	referenced	233b4d	/opt/QQ/qq
60b279766000	data	60b27969d000-60b279782000	referenced	233b4e	/opt/QQ/qq
60b279767000	data	60b27969d000-60b279782000	referenced	233b4f	/opt/QQ/qq
60b279768000	data	60b27969d000-60b279782000	referenced	233b50	/opt/QQ/qq
60b279769000	data	60b27969d000-60b279782000	referenced	233b51	/opt/QQ/qq
60b27976a000	data	60b27969d000-60b279782000	referenced	233b52	/opt/QQ/qq
60b27976b000	data	60b27969d000-60b279782000	referenced	233b53	/opt/QQ/qq
60b27976c000	data	60b27969d000-60b279782000	referenced	233b54	/opt/QQ/qq
60b27976d000	data	60b27969d000-60b279782000	referenced	233b55	/opt/QQ/qq
60b27976e000	data	60b27969d000-60b279782000	referenced	233b56	/opt/QQ/qq
60b27976f000	data	60b27969d000-60b279782000	referenced	233b57	/opt/QQ/qq
60b279770000	data	60b27969d000-60b279782000	referenced	233b58	/opt/QQ/qq
60b279771000	data	60b27969d000-60b279782000	referenced	233b59	/opt/QQ/qq
60b279772000	data	60b27969d000-60b279782000	referenced	233b5a	/opt/QQ/qq
60b279773000	data	60b27969d000-60b279782000	referenced	233b5b	/opt/QQ/qq
60b279774000	data	60b27969d000-60b279782000	referenced	233b5c	/opt/QQ/qq
60b279775000	data	60b27969d000-60b279782000	referenced	233b5d	/opt/QQ/qq
60b279776000	data	60b27969d000-60b279782000	referenced	233b5e	/opt/QQ/qq
60b279777000	data	60b27969d000-60b279782000	referenced	233b5f	/opt/QQ/qq
60b279778000	data	60b27969d000-60b279782000	referenced	227a40	/opt/QQ/qq
60b279779000	data	60b27969d000-60b279782000	referenced	227a41	/opt/QQ/qq
60b27977a000	data	60b27969d000-60b279782000	referenced	227a42	/opt/QQ/qq
60b27977b000	data	60b27969d000-60b279782000	referenced	227a43	/opt/QQ/qq
60b27977c000	data	60b27969d000-60b279782000	referenced	227a44	/opt/QQ/qq
60b27977d000	data	60b27969d000-60b279782000	referenced	227a45	/opt/QQ/qq
60b27977e000	data	60b27969d000-60b279782000	referenced	227a46	/opt/QQ/qq
60b27977f000	data	60b27969d000-60b279782000	referenced	227a47	/opt/QQ/qq
60b279780000	data	60b27969d000-60b279782000	referenced	227a48	/opt/QQ/qq
60b279781000	data	60b27969d000-60b279782000	referenced	37b9ae	/opt/QQ/qq
